SNP,rsID,Pos (hg19),Alleles,Trait,Study,PMID,Year of Publication,Ancestry,Source,Effect Allele,Association Alleles,EAF,Beta,SE,P,N,N Studies
rs17024393,rs17024393,chr1:110154688,C/T,Esterified cholesterol,Kettunen J,27005778,2016,European,Kettunen J,C,C/T,0.0528,-0.1221,0.02739,9.93e-06,13494,10
rs2075650,rs2075650,chr19:45395619,A/G,18:2  linoleic acid (LA),Kettunen J,27005778,2016,European,Kettunen J,A,A/G,0.8348,-0.09982,0.01668,2.8e-09,13527,10
rs2075650,rs2075650,chr19:45395619,A/G,ApoB,Kettunen J,27005778,2016,European,Kettunen J,A,A/G,0.829,-0.126,0.0133,1.14e-20,20690,12
rs2075650,rs2075650,chr19:45395619,A/G,Cholesterol esters in large HDL,Kettunen J,27005778,2016,European,Kettunen J,A,A/G,0.8354,0.06328,0.01399,7.84e-06,19273,11
rs2075650,rs2075650,chr19:45395619,A/G,Cholesterol esters in large LDL,Kettunen J,27005778,2016,European,Kettunen J,A,A/G,0.8354,-0.1184,0.01394,6.41e-17,19273,11
rs2075650,rs2075650,chr19:45395619,A/G,Cholesterol esters in medium LDL,Kettunen J,27005778,2016,European,Kettunen J,A,A/G,0.8354,-0.1239,0.01393,2.15e-18,19273,11
rs2075650,rs2075650,chr19:45395619,A/G,Cholesterol esters in medium VLDL,Kettunen J,27005778,2016,European,Kettunen J,A,A/G,0.8354,-0.0882,0.01395,4.46e-10,19273,11
rs2075650,rs2075650,chr19:45395619,A/G,Concentration of IDL particles,Kettunen J,27005778,2016,European,Kettunen J,A,A/G,0.8354,-0.09684,0.01396,8.52e-12,19273,11
rs2075650,rs2075650,chr19:45395619,A/G,Concentration of large HDL particles,Kettunen J,27005778,2016,European,Kettunen J,A,A/G,0.8354,0.06457,0.01397,5.06e-06,19273,11
rs2075650,rs2075650,chr19:45395619,A/G,Concentration of large LDL particles,Kettunen J,27005778,2016,European,Kettunen J,A,A/G,0.8354,-0.1175,0.01394,1.09e-16,19273,11
rs2075650,rs2075650,chr19:45395619,A/G,Concentration of large VLDL particles,Kettunen J,27005778,2016,European,Kettunen J,A,A/G,0.8352,-0.06396,0.01406,7.6e-06,18960,11
rs2075650,rs2075650,chr19:45395619,A/G,Concentration of medium LDL particles,Kettunen J,27005778,2016,European,Kettunen J,A,A/G,0.8354,-0.1261,0.01393,5.72e-19,19273,11
rs2075650,rs2075650,chr19:45395619,A/G,Concentration of medium VLDL particles,Kettunen J,27005778,2016,European,Kettunen J,A,A/G,0.8354,-0.06686,0.01396,2.33e-06,19273,11
rs2075650,rs2075650,chr19:45395619,A/G,Concentration of small LDL particles,Kettunen J,27005778,2016,European,Kettunen J,A,A/G,0.8354,-0.1281,0.01393,1.49e-19,19273,11
rs2075650,rs2075650,chr19:45395619,A/G,Concentration of small VLDL particles,Kettunen J,27005778,2016,European,Kettunen J,A,A/G,0.8354,-0.08732,0.01395,6.81e-10,19273,11
rs2075650,rs2075650,chr19:45395619,A/G,Concentration of very small VLDL particles,Kettunen J,27005778,2016,European,Kettunen J,A,A/G,0.8354,-0.07091,0.01398,5.93e-07,19273,11
rs2075650,rs2075650,chr19:45395619,A/G,Esterified cholesterol,Kettunen J,27005778,2016,European,Kettunen J,A,A/G,0.8349,-0.09847,0.01667,4.86e-09,13497,10
rs2075650,rs2075650,chr19:45395619,A/G,Free cholesterol,Kettunen J,27005778,2016,European,Kettunen J,A,A/G,0.8349,-0.0837,0.01665,6.13e-07,13497,10
rs2075650,rs2075650,chr19:45395619,A/G,Free cholesterol in IDL,Kettunen J,27005778,2016,European,Kettunen J,A,A/G,0.8304,-0.09443,0.01311,1.18e-12,21559,12
rs2075650,rs2075650,chr19:45395619,A/G,Free cholesterol in large HDL,Kettunen J,27005778,2016,European,Kettunen J,A,A/G,0.8304,0.06636,0.01312,5.55e-07,21559,12
rs2075650,rs2075650,chr19:45395619,A/G,Free cholesterol in large LDL,Kettunen J,27005778,2016,European,Kettunen J,A,A/G,0.8304,-0.1049,0.01309,2.98e-15,21555,12
rs2075650,rs2075650,chr19:45395619,A/G,Free cholesterol in large VLDL,Kettunen J,27005778,2016,European,Kettunen J,A,A/G,0.8302,-0.07105,0.0132,9.47e-08,21238,12
rs2075650,rs2075650,chr19:45395619,A/G,Free cholesterol in medium VLDL,Kettunen J,27005778,2016,European,Kettunen J,A,A/G,0.8302,-0.07612,0.01318,1.09e-08,21240,12
rs2075650,rs2075650,chr19:45395619,A/G,Free cholesterol in small VLDL,Kettunen J,27005778,2016,European,Kettunen J,A,A/G,0.8304,-0.1037,0.01309,5.03e-15,21559,12
rs2075650,rs2075650,chr19:45395619,A/G,M.LDL.C,Kettunen J,27005778,2016,European,Kettunen J,A,A/G,0.8304,-0.1231,0.01306,1.81e-20,21559,12
rs2075650,rs2075650,chr19:45395619,A/G,OmegaL6 fatty acids,Kettunen J,27005778,2016,European,Kettunen J,A,A/G,0.8347,-0.09189,0.01671,4.15e-08,13505,10
rs2075650,rs2075650,chr19:45395619,A/G,Phospholipids in IDL,Kettunen J,27005778,2016,European,Kettunen J,A,A/G,0.8304,-0.09872,0.01312,1.11e-13,21559,12
rs2075650,rs2075650,chr19:45395619,A/G,Phospholipids in large HDL,Kettunen J,27005778,2016,European,Kettunen J,A,A/G,0.8354,0.06414,0.01397,5.95e-06,19273,11
rs2075650,rs2075650,chr19:45395619,A/G,Phospholipids in large LDL,Kettunen J,27005778,2016,European,Kettunen J,A,A/G,0.8304,-0.1062,0.01309,1.27e-15,21550,12
rs2075650,rs2075650,chr19:45395619,A/G,Phospholipids in large VLDL,Kettunen J,27005778,2016,European,Kettunen J,A,A/G,0.8302,-0.07348,0.0132,3.35e-08,21239,12
rs2075650,rs2075650,chr19:45395619,A/G,Phospholipids in medium LDL,Kettunen J,27005778,2016,European,Kettunen J,A,A/G,0.8304,-0.1202,0.01307,1.5e-19,21558,12
rs2075650,rs2075650,chr19:45395619,A/G,Phospholipids in medium VLDL,Kettunen J,27005778,2016,European,Kettunen J,A,A/G,0.8302,-0.07861,0.01321,3.81e-09,21240,12
rs2075650,rs2075650,chr19:45395619,A/G,Phospholipids in small VLDL,Kettunen J,27005778,2016,European,Kettunen J,A,A/G,0.8304,-0.07951,0.0131,2.11e-09,21551,12
rs2075650,rs2075650,chr19:45395619,A/G,Phospholipids in very large VLDL,Kettunen J,27005778,2016,European,Kettunen J,A,A/G,0.8302,-0.07376,0.01319,3.07e-08,21237,12
rs2075650,rs2075650,chr19:45395619,A/G,Phospholipids in very small VLDL,Kettunen J,27005778,2016,European,Kettunen J,A,A/G,0.8354,-0.07522,0.01399,1.15e-07,19273,11
rs2075650,rs2075650,chr19:45395619,A/G,Serum total cholesterol,Kettunen J,27005778,2016,European,Kettunen J,A,A/G,0.8305,-0.108,0.01312,3.66e-16,21491,12
rs2075650,rs2075650,chr19:45395619,A/G,Serum total triglycerides,Kettunen J,27005778,2016,European,Kettunen J,A,A/G,0.8304,-0.09328,0.01312,2.11e-12,21545,12
rs2075650,rs2075650,chr19:45395619,A/G,Total cholesterol in IDL,Kettunen J,27005778,2016,European,Kettunen J,A,A/G,0.8354,-0.09893,0.01396,2.94e-12,19273,11
rs2075650,rs2075650,chr19:45395619,A/G,Total cholesterol in large HDL,Kettunen J,27005778,2016,European,Kettunen J,A,A/G,0.8304,0.07201,0.01313,5.66e-08,21558,12
rs2075650,rs2075650,chr19:45395619,A/G,Total cholesterol in large LDL,Kettunen J,27005778,2016,European,Kettunen J,A,A/G,0.8304,-0.1101,0.01308,1.14e-16,21552,12
rs2075650,rs2075650,chr19:45395619,A/G,Total cholesterol in large VLDL,Kettunen J,27005778,2016,European,Kettunen J,A,A/G,0.8302,-0.06853,0.01321,2.67e-07,21235,12
rs2075650,rs2075650,chr19:45395619,A/G,Total cholesterol in LDL,Kettunen J,27005778,2016,European,Kettunen J,A,A/G,0.8304,-0.1341,0.01306,5.16e-24,21559,12
rs2075650,rs2075650,chr19:45395619,A/G,Total cholesterol in medium HDL,Kettunen J,27005778,2016,European,Kettunen J,A,A/G,0.8304,0.06137,0.01311,3.54e-06,21558,12
rs2075650,rs2075650,chr19:45395619,A/G,Total cholesterol in medium VLDL,Kettunen J,27005778,2016,European,Kettunen J,A,A/G,0.8304,-0.08526,0.01312,1.25e-10,21551,12
rs2075650,rs2075650,chr19:45395619,A/G,Total cholesterol in small LDL,Kettunen J,27005778,2016,European,Kettunen J,A,A/G,0.8304,-0.1314,0.01305,2.98e-23,21556,12
rs2075650,rs2075650,chr19:45395619,A/G,Total cholesterol in small VLDL,Kettunen J,27005778,2016,European,Kettunen J,A,A/G,0.8304,-0.08871,0.01309,2.14e-11,21557,12
rs2075650,rs2075650,chr19:45395619,A/G,Total fatty acids,Kettunen J,27005778,2016,European,Kettunen J,A,A/G,0.8347,-0.07565,0.01667,6.2e-06,13504,10
rs2075650,rs2075650,chr19:45395619,A/G,Total lipids in IDL,Kettunen J,27005778,2016,European,Kettunen J,A,A/G,0.8354,-0.099,0.01396,2.89e-12,19273,11
rs2075650,rs2075650,chr19:45395619,A/G,Total lipids in large HDL,Kettunen J,27005778,2016,European,Kettunen J,A,A/G,0.8354,0.06435,0.01398,5.43e-06,19273,11
rs2075650,rs2075650,chr19:45395619,A/G,Total lipids in large LDL,Kettunen J,27005778,2016,European,Kettunen J,A,A/G,0.8354,-0.1187,0.01394,5.57e-17,19273,11
rs2075650,rs2075650,chr19:45395619,A/G,Total lipids in medium LDL,Kettunen J,27005778,2016,European,Kettunen J,A,A/G,0.8354,-0.1275,0.01393,2.37e-19,19273,11
rs2075650,rs2075650,chr19:45395619,A/G,Total lipids in medium VLDL,Kettunen J,27005778,2016,European,Kettunen J,A,A/G,0.8354,-0.06989,0.01395,7.22e-07,19273,11
rs2075650,rs2075650,chr19:45395619,A/G,Total lipids in small LDL,Kettunen J,27005778,2016,European,Kettunen J,A,A/G,0.8354,-0.1313,0.01392,1.74e-20,19273,11
rs2075650,rs2075650,chr19:45395619,A/G,Total lipids in small VLDL,Kettunen J,27005778,2016,European,Kettunen J,A,A/G,0.8354,-0.0913,0.01394,1.1e-10,19273,11
rs2075650,rs2075650,chr19:45395619,A/G,Total lipids in very small VLDL,Kettunen J,27005778,2016,European,Kettunen J,A,A/G,0.8354,-0.07003,0.01399,8.12e-07,19273,11
rs2075650,rs2075650,chr19:45395619,A/G,Triglycerides in chylomicrons and extremely large VLDL,Kettunen J,27005778,2016,European,Kettunen J,A,A/G,0.8304,-0.07318,0.01312,2.87e-08,21540,12
rs2075650,rs2075650,chr19:45395619,A/G,Triglycerides in IDL,Kettunen J,27005778,2016,European,Kettunen J,A,A/G,0.8354,-0.074,0.01398,1.86e-07,19273,11
rs2075650,rs2075650,chr19:45395619,A/G,Triglycerides in large VLDL,Kettunen J,27005778,2016,European,Kettunen J,A,A/G,0.8302,-0.06756,0.0132,3.88e-07,21239,12
rs2075650,rs2075650,chr19:45395619,A/G,Triglycerides in medium VLDL,Kettunen J,27005778,2016,European,Kettunen J,A,A/G,0.8301,-0.06226,0.01321,2.91e-06,21241,12
rs2075650,rs2075650,chr19:45395619,A/G,Triglycerides in small HDL,Kettunen J,27005778,2016,European,Kettunen J,A,A/G,0.8304,-0.0641,0.01315,1.44e-06,21558,12
rs2075650,rs2075650,chr19:45395619,A/G,Triglycerides in small VLDL,Kettunen J,27005778,2016,European,Kettunen J,A,A/G,0.8304,-0.08873,0.01312,2.43e-11,21558,12
rs2075650,rs2075650,chr19:45395619,A/G,Triglycerides in very small VLDL,Kettunen J,27005778,2016,European,Kettunen J,A,A/G,0.8354,-0.07692,0.01398,6.03e-08,19273,11
rs2112347,rs2112347,chr5:75015242,G/T,Cholesterol esters in large LDL,Kettunen J,27005778,2016,European,Kettunen J,G,G/T,0.401,0.04927,0.01047,3.69e-06,19269,11
rs2112347,rs2112347,chr5:75015242,G/T,Cholesterol esters in medium LDL,Kettunen J,27005778,2016,European,Kettunen J,G,G/T,0.401,0.05065,0.01047,1.96e-06,19269,11
rs2112347,rs2112347,chr5:75015242,G/T,Concentration of large LDL particles,Kettunen J,27005778,2016,European,Kettunen J,G,G/T,0.401,0.0495,0.01047,3.32e-06,19269,11
rs2112347,rs2112347,chr5:75015242,G/T,Concentration of medium LDL particles,Kettunen J,27005778,2016,European,Kettunen J,G,G/T,0.401,0.05042,0.01046,2.17e-06,19269,11
rs2112347,rs2112347,chr5:75015242,G/T,Concentration of small LDL particles,Kettunen J,27005778,2016,European,Kettunen J,G,G/T,0.401,0.04957,0.01046,3.17e-06,19269,11
rs2112347,rs2112347,chr5:75015242,G/T,M.LDL.C,Kettunen J,27005778,2016,European,Kettunen J,G,G/T,0.3813,0.05078,0.01021,9.99e-07,21555,12
rs2112347,rs2112347,chr5:75015242,G/T,Phospholipids in medium LDL,Kettunen J,27005778,2016,European,Kettunen J,G,G/T,0.3813,0.04898,0.01022,2.41e-06,21554,12
rs2112347,rs2112347,chr5:75015242,G/T,Total cholesterol in LDL,Kettunen J,27005778,2016,European,Kettunen J,G,G/T,0.3813,0.05147,0.01021,7.05e-07,21555,12
rs2112347,rs2112347,chr5:75015242,G/T,Total cholesterol in small LDL,Kettunen J,27005778,2016,European,Kettunen J,G,G/T,0.3813,0.04848,0.01021,2.81e-06,21552,12
rs2112347,rs2112347,chr5:75015242,G/T,Total lipids in large LDL,Kettunen J,27005778,2016,European,Kettunen J,G,G/T,0.401,0.0499,0.01047,2.79e-06,19269,11
rs2112347,rs2112347,chr5:75015242,G/T,Total lipids in medium LDL,Kettunen J,27005778,2016,European,Kettunen J,G,G/T,0.401,0.05044,0.01046,2.16e-06,19269,11
rs2112347,rs2112347,chr5:75015242,G/T,Total lipids in small LDL,Kettunen J,27005778,2016,European,Kettunen J,G,G/T,0.401,0.04947,0.01046,3.31e-06,19269,11
rs2176040,rs2176040,chr2:227092802,A/G,Cholesterol esters in medium HDL,Kettunen J,27005778,2016,European,Kettunen J,A,A/G,0.363,0.048,0.01062,7.68e-06,19268,11
rs2176040,rs2176040,chr2:227092802,A/G,Total cholesterol in medium HDL,Kettunen J,27005778,2016,European,Kettunen J,A,A/G,0.3546,0.04632,0.01027,7.98e-06,21552,12
